{"id":33663,"created_at":"2021-11-17T07:33:44.000000Z","updated_at":"2021-12-03T05:47:27.000000Z","user_id":1,"title":"dss","library_id":100,"parameters":"{\"collage\":{\"template\":\"3-3\",\"options\":{\"heightRatio\":0.75,\"spacing\":0.5,\"frame\":true},\"clips\":[{},{},{},{},{},{}]}}","filtered":"{\"collage\":{\"template\":\"3-3\",\"options\":{\"heightRatio\":0.75,\"spacing\":0.5,\"frame\":true},\"clips\":[{},{},{},{},{},{}]}}","slug":"dss","embed_type":"div","disable":9,"content_type":null,"authors":"[]","source":null,"year_from":null,"year_to":null,"license":"U","license_version":null,"license_extras":null,"author_comments":null,"changes":"[]","default_language":null,"library_title":"H5P.Collage","library_major_version":0,"library_minor_version":3}