{"id":33665,"created_at":"2021-12-02T10:10:58.000000Z","updated_at":"2021-12-02T10:10:58.000000Z","user_id":1,"title":"A random Accordian","library_id":63,"parameters":"{\"panels\":[{\"content\":{\"params\":{\"text\":\"<p>This is the tessting title<\\\/p>\\n\"},\"library\":\"H5P.AdvancedText 1.1\",\"subContentId\":\"3465dd23-b43e-4633-b6b1-f3a1adf4444f\",\"metadata\":{\"contentType\":\"Text\",\"license\":\"U\",\"title\":\"Untitled Text\",\"authors\":[],\"changes\":[],\"extraTitle\":\"Untitled Text\"}},\"title\":\"The testing title\"}],\"hTag\":\"h2\"}","filtered":"{\"panels\":[{\"content\":{\"params\":{\"text\":\"<p>This is the tessting title<\\\/p>\\n\"},\"library\":\"H5P.AdvancedText 1.1\",\"subContentId\":\"3465dd23-b43e-4633-b6b1-f3a1adf4444f\",\"metadata\":{\"contentType\":\"Text\",\"license\":\"U\",\"title\":\"Untitled Text\"}},\"title\":\"The testing title\"}],\"hTag\":\"h2\"}","slug":"a-random-accordian","embed_type":"div","disable":9,"content_type":null,"authors":null,"source":null,"year_from":null,"year_to":null,"license":"U","license_version":null,"license_extras":null,"author_comments":null,"changes":null,"default_language":null,"library_title":"H5P.Accordion","library_major_version":1,"library_minor_version":0}