{"id":9471,"title":"dd","project_id":3608,"order":1,"created_at":"2021-11-17T07:32:24.000000Z","updated_at":"2021-11-17T07:32:24.000000Z","deleted_at":null,"is_public":false,"elasticsearch":false,"activity_count":4,"activities":[{"id":41449,"playlist_id":9471,"title":"This is question","type":"h5p","content":"create","shared":false,"order":2,"created_at":"2021-12-02T10:07:44.000000Z","updated_at":"2021-12-03T05:50:07.000000Z","deleted_at":null,"is_public":false,"h5p_content_id":33664,"thumb_url":"\/storage\/activities\/S3aBVqTdZHGUsWJVxTiCOFRAT7oVFixAjzQlnZV8.jpg","subject_id":"Career & Technical Education","education_level_id":"Preschool (Ages 0-4)","elasticsearch":false},{"id":41450,"playlist_id":9471,"title":"This is accordian","type":"h5p","content":"place_holder","shared":false,"order":3,"created_at":"2021-12-02T10:10:59.000000Z","updated_at":"2021-12-02T10:10:59.000000Z","deleted_at":null,"is_public":false,"h5p_content_id":33665,"thumb_url":"https:\/\/images.pexels.com\/photos\/3694708\/pexels-photo-3694708.jpeg?auto=compress&amp;cs=tinysrgb&amp;dpr=1&amp;fit=crop&amp;h=200&amp;w=280","subject_id":"Computer Science","education_level_id":"Grades 6-8 (Ages 11-13)","elasticsearch":false},{"id":41451,"playlist_id":9471,"title":"This is True False","type":"h5p","content":"place_holder","shared":false,"order":4,"created_at":"2021-12-02T10:12:18.000000Z","updated_at":"2021-12-02T10:12:18.000000Z","deleted_at":null,"is_public":false,"h5p_content_id":33666,"thumb_url":"https:\/\/images.pexels.com\/photos\/3694708\/pexels-photo-3694708.jpeg?auto=compress&amp;cs=tinysrgb&amp;dpr=1&amp;fit=crop&amp;h=200&amp;w=280","subject_id":"Computer Science","education_level_id":"Kindergarten-Grade 2 (Ages 5-7)","elasticsearch":false},{"id":41448,"playlist_id":9471,"title":"sd","type":"h5p","content":"create","shared":false,"order":1,"created_at":"2021-11-17T07:33:45.000000Z","updated_at":"2021-12-03T05:47:27.000000Z","deleted_at":null,"is_public":false,"h5p_content_id":33663,"thumb_url":"\/storage\/activities\/wfvmiI0cwV7nC96HTxVgKe7PSLQXfV4olR5vhVKX.png","subject_id":"Computer Science","education_level_id":"Grades 6-8 (Ages 11-13)","elasticsearch":false}]}