{"id":33664,"created_at":"2021-12-02T10:07:44.000000Z","updated_at":"2021-12-03T05:50:07.000000Z","user_id":1,"title":"A random Questionset","library_id":44,"parameters":"{\"questionnaireElements\":[{\"library\":{\"params\":{\"inputType\":\"checkbox\",\"alternatives\":[{\"feedback\":{\"chosenFeedback\":\"\",\"notChosenFeedback\":\"\"},\"text\":\"Choose this\"},{\"feedback\":{\"chosenFeedback\":\"\",\"notChosenFeedback\":\"\"},\"text\":\"Or this\"}],\"question\":\"First question\"},\"library\":\"H5P.SimpleMultiChoice 1.1\",\"metadata\":{\"contentType\":\"Simple Multi Choice\",\"license\":\"U\",\"title\":\"Untitled Simple Multi Choice\",\"authors\":[],\"changes\":[],\"extraTitle\":\"Untitled Simple Multi Choice\"},\"subContentId\":\"e224176b-6981-45a6-afce-4603e4104bdc\"},\"requiredField\":false},{\"library\":{\"params\":{\"inputType\":\"radio\",\"alternatives\":[{\"feedback\":{\"chosenFeedback\":\"\",\"notChosenFeedback\":\"\"},\"text\":\"I need NAswer\"},{\"feedback\":{\"chosenFeedback\":\"\",\"notChosenFeedback\":\"\"},\"text\":\"It&#039;s Answer\"}],\"question\":\"This is Second\"},\"library\":\"H5P.SimpleMultiChoice 1.1\",\"metadata\":{\"contentType\":\"Simple Multi Choice\",\"license\":\"U\",\"title\":\"Untitled Simple Multi Choice\",\"authors\":[],\"changes\":[],\"extraTitle\":\"Untitled Simple Multi Choice\"},\"subContentId\":\"cb60ac89-a75e-44b0-9a36-b0eca5629452\"},\"requiredField\":false}],\"successScreenOptions\":{\"enableSuccessScreen\":true,\"successScreenImage\":{\"params\":{\"contentName\":\"Image\"},\"library\":\"H5P.Image 1.0\",\"subContentId\":\"e2f82302-335b-4fee-8335-a6de19910401\",\"metadata\":{\"contentType\":\"Image\",\"license\":\"U\"}},\"successMessage\":\"You have completed the questionnaire.\"},\"uiElements\":{\"buttonLabels\":{\"prevLabel\":\"Back\",\"continueLabel\":\"Continue\",\"nextLabel\":\"Next\",\"submitLabel\":\"Submit\"},\"accessibility\":{\"requiredTextExitLabel\":\"Close error message\",\"progressBarText\":\"Question %current of %max\"},\"requiredMessage\":\"This question requires an answer\",\"requiredText\":\"required\",\"submitScreenTitle\":\"You successfully answered all of the questions\",\"submitScreenSubtitle\":\"Click below to submit your answers\"}}","filtered":"{\"questionnaireElements\":[{\"library\":{\"params\":{\"inputType\":\"checkbox\",\"alternatives\":[{\"feedback\":{\"chosenFeedback\":\"\",\"notChosenFeedback\":\"\"},\"text\":\"Choose this\"},{\"feedback\":{\"chosenFeedback\":\"\",\"notChosenFeedback\":\"\"},\"text\":\"Or this\"}],\"question\":\"First question\"},\"library\":\"H5P.SimpleMultiChoice 1.1\",\"metadata\":{\"contentType\":\"Simple Multi Choice\",\"license\":\"U\",\"title\":\"Untitled Simple Multi Choice\"},\"subContentId\":\"e224176b-6981-45a6-afce-4603e4104bdc\"},\"requiredField\":false},{\"library\":{\"params\":{\"inputType\":\"radio\",\"alternatives\":[{\"feedback\":{\"chosenFeedback\":\"\",\"notChosenFeedback\":\"\"},\"text\":\"I need NAswer\"},{\"feedback\":{\"chosenFeedback\":\"\",\"notChosenFeedback\":\"\"},\"text\":\"It&#039;s Answer\"}],\"question\":\"This is Second\"},\"library\":\"H5P.SimpleMultiChoice 1.1\",\"metadata\":{\"contentType\":\"Simple Multi Choice\",\"license\":\"U\",\"title\":\"Untitled Simple Multi Choice\"},\"subContentId\":\"cb60ac89-a75e-44b0-9a36-b0eca5629452\"},\"requiredField\":false}],\"successScreenOptions\":{\"enableSuccessScreen\":true,\"successScreenImage\":{\"params\":{\"contentName\":\"Image\"},\"library\":\"H5P.Image 1.0\",\"subContentId\":\"e2f82302-335b-4fee-8335-a6de19910401\",\"metadata\":{\"contentType\":\"Image\",\"license\":\"U\"}},\"successMessage\":\"You have completed the questionnaire.\"},\"uiElements\":{\"buttonLabels\":{\"prevLabel\":\"Back\",\"continueLabel\":\"Continue\",\"nextLabel\":\"Next\",\"submitLabel\":\"Submit\"},\"accessibility\":{\"requiredTextExitLabel\":\"Close error message\",\"progressBarText\":\"Question %current of %max\"},\"requiredMessage\":\"This question requires an answer\",\"requiredText\":\"required\",\"submitScreenTitle\":\"You successfully answered all of the questions\",\"submitScreenSubtitle\":\"Click below to submit your answers\"}}","slug":"a-random-questionset","embed_type":"div","disable":9,"content_type":null,"authors":"[]","source":null,"year_from":null,"year_to":null,"license":"U","license_version":null,"license_extras":null,"author_comments":null,"changes":"[]","default_language":null,"library_title":"H5P.Questionnaire","library_major_version":1,"library_minor_version":2}