{"content":[{"content":{"params":{"timeline":{"defaultZoomLevel":"0","height":500,"asset":{},"date":[{"asset":{},"startDate":"2000,05,17","headline":"The date when I was born","text":""},{"asset":{},"startDate":"2006,08,01","endDate":"2010,06,01","headline":"Learn at Primary school","text":"<p>New technology requires new resources for which the balance is disturbed. Eventually, this will lead to over-exploitation of natural resources which ultimately disturbs the balance of nature.<\/p>\n"},{"asset":{},"startDate":"2011,09,01","endDate":"2015,06,05","headline":"Learn at Secondary school","text":"<p>With new technology the industrialization&nbsp;increases which give birth to many pollutions like air, water, soil, and noise. Also, they cause many health-related issues in animals, birds, and human beings.<\/p>\n"},{"asset":{},"startDate":"2016,07,09","endDate":"2020,05,12","headline":"Learn at High school","text":"<p>Although technology is a good thing, everything has two sides. Technology also has two sides one is good and the other is bad. Here are some negative aspects of technology that we are going to discuss.<\/p>\n"},{"asset":{},"startDate":"2021,10,05","headline":"Begin to learn at University","text":"<p>Regularly evolving technology has become an important part of our lives. Also, newer technologies are taking the market by storm and the people are getting used to them in no time. Above all, technological advancement has led to the growth and development of nations.<\/p>\n"}],"language":"en","headline":"MY DIARY","era":[{"startDate":"2021,11,01","endDate":"2025,05,03","headline":"Learn at University","text":"<div>A single machine can replace many workers. Also, machines can do work at a constant pace for several hours or days without stopping. Due to this, many workers lost their job which ultimately increases unemployment<\/div>\n"}],"text":"<div>My Diary My Diary<\/div>\n\n<div>&nbsp;<\/div>\n"}},"library":"H5P.Timeline 1.1","metadata":{"contentType":"Timeline","license":"U","title":"Timeline 1"},"subContentId":"cd74ab28-d285-4f80-8263-ae66d680008e"},"useSeparator":"auto"},{"content":{"params":{"timeline":{"defaultZoomLevel":"0","height":500,"asset":{},"date":[{"asset":{},"startDate":"2000,05,17","headline":"The date when I was born","text":""},{"asset":{},"startDate":"2006,08,01","endDate":"2010,06,01","headline":"Learn at Primary school","text":"<p>New technology requires new resources for which the balance is disturbed. Eventually, this will lead to over-exploitation of natural resources which ultimately disturbs the balance of nature.<\/p>\n"},{"asset":{},"startDate":"2011,09,01","endDate":"2015,06,05","headline":"Learn at Secondary school","text":"<p>With new technology the industrialization&nbsp;increases which give birth to many pollutions like air, water, soil, and noise. Also, they cause many health-related issues in animals, birds, and human beings.<\/p>\n"},{"asset":{},"startDate":"2016,07,09","endDate":"2020,05,12","headline":"Learn at High school","text":"<p>Although technology is a good thing, everything has two sides. Technology also has two sides one is good and the other is bad. Here are some negative aspects of technology that we are going to discuss.<\/p>\n"},{"asset":{},"startDate":"2021,10,05","headline":"Begin to learn at University","text":"<p>Regularly evolving technology has become an important part of our lives. Also, newer technologies are taking the market by storm and the people are getting used to them in no time. Above all, technological advancement has led to the growth and development of nations.<\/p>\n"}],"language":"en","headline":"My Diary","era":[{"startDate":"2021,11,01","endDate":"2025,05,03","headline":"Learn at University","text":"<div>A single machine can replace many workers. Also, machines can do work at a constant pace for several hours or days without stopping. Due to this, many workers lost their job which ultimately increases unemployment<\/div>\n"}],"text":""}},"library":"H5P.Timeline 1.1","metadata":{"contentType":"Timeline","license":"U","title":"Timeline 2"},"subContentId":"7a4c3551-35f1-4704-9f77-3d198f34a379"},"useSeparator":"auto"},{"content":{"params":{"timeline":{"defaultZoomLevel":"0","height":500,"asset":{},"date":[{"asset":{},"startDate":"2000,05,17","headline":"The date when I was born","text":""},{"asset":{},"startDate":"2006,08,01","endDate":"2010,06,01","headline":"Learn at Primary school","text":"<p>New technology requires new resources for which the balance is disturbed. Eventually, this will lead to over-exploitation of natural resources which ultimately disturbs the balance of nature.<\/p>\n"},{"asset":{},"startDate":"2011,09,01","endDate":"2015,06,05","headline":"Learn at Secondary school","text":"<p>With new technology the industrialization&nbsp;increases which give birth to many pollutions like air, water, soil, and noise. Also, they cause many health-related issues in animals, birds, and human beings.<\/p>\n"},{"asset":{},"startDate":"2016,07,09","endDate":"2020,05,12","headline":"Learn at High school","text":"<p>Although technology is a good thing, everything has two sides. Technology also has two sides one is good and the other is bad. Here are some negative aspects of technology that we are going to discuss.<\/p>\n"},{"asset":{},"startDate":"2021,10,05","headline":"Begin to learn at University","text":"<p>Regularly evolving technology has become an important part of our lives. Also, newer technologies are taking the market by storm and the people are getting used to them in no time. Above all, technological advancement has led to the growth and development of nations.<\/p>\n"}],"language":"en","headline":"My Diary","era":[{"startDate":"2021,11,01","endDate":"2025,05,03","headline":"Learn at University","text":"<div>A single machine can replace many workers. Also, machines can do work at a constant pace for several hours or days without stopping. Due to this, many workers lost their job which ultimately increases unemployment<\/div>\n"}],"text":""}},"library":"H5P.Timeline 1.1","metadata":{"contentType":"Timeline","license":"U","title":"Timeline 3"},"subContentId":"263d7167-589e-4061-acc5-58ea7e637a6a"},"useSeparator":"auto"}]}