{"id":41450,"playlist_id":9471,"title":"This is accordian","type":"h5p","content":"place_holder","shared":false,"order":3,"created_at":"2021-12-02T10:10:59.000000Z","updated_at":"2021-12-02T10:10:59.000000Z","deleted_at":null,"is_public":false,"h5p_content_id":33665,"thumb_url":"https:\/\/images.pexels.com\/photos\/3694708\/pexels-photo-3694708.jpeg?auto=compress&amp;cs=tinysrgb&amp;dpr=1&amp;fit=crop&amp;h=200&amp;w=280","subject_id":"Computer Science","education_level_id":"Grades 6-8 (Ages 11-13)","elasticsearch":false}