{"id":41451,"playlist_id":9471,"title":"This is True False","type":"h5p","content":"place_holder","shared":false,"order":4,"created_at":"2021-12-02T10:12:18.000000Z","updated_at":"2021-12-02T10:12:18.000000Z","deleted_at":null,"is_public":false,"h5p_content_id":33666,"thumb_url":"https:\/\/images.pexels.com\/photos\/3694708\/pexels-photo-3694708.jpeg?auto=compress&amp;cs=tinysrgb&amp;dpr=1&amp;fit=crop&amp;h=200&amp;w=280","subject_id":"Computer Science","education_level_id":"Kindergarten-Grade 2 (Ages 5-7)","elasticsearch":false}