{"id":33666,"created_at":"2021-12-02T10:12:18.000000Z","updated_at":"2021-12-02T10:12:18.000000Z","user_id":1,"title":"The Title of the true false","library_id":24,"parameters":"{\"media\":{\"type\":{\"params\":{}},\"disableImageZooming\":false},\"correct\":\"false\",\"behaviour\":{\"enableRetry\":true,\"enableSolutionsButton\":true,\"enableCheckButton\":true,\"confirmCheckDialog\":false,\"confirmRetryDialog\":false,\"autoCheck\":false},\"l10n\":{\"trueText\":\"True\",\"falseText\":\"False\",\"score\":\"You got @score of @total points\",\"checkAnswer\":\"Check\",\"showSolutionButton\":\"Show solution\",\"tryAgain\":\"Retry\",\"wrongAnswerMessage\":\"Wrong answer\",\"correctAnswerMessage\":\"Correct answer\",\"scoreBarLabel\":\"You got :num out of :total points\"},\"confirmCheck\":{\"header\":\"Finish ?\",\"body\":\"Are you sure you wish to finish ?\",\"cancelLabel\":\"Cancel\",\"confirmLabel\":\"Finish\"},\"confirmRetry\":{\"header\":\"Retry ?\",\"body\":\"Are you sure you wish to retry ?\",\"cancelLabel\":\"Cancel\",\"confirmLabel\":\"Confirm\"},\"question\":\"<p>This is the question that you need to answer<\\\/p>\\n\"}","filtered":"{\"media\":{\"disableImageZooming\":false},\"correct\":\"false\",\"behaviour\":{\"enableRetry\":true,\"enableSolutionsButton\":true,\"enableCheckButton\":true,\"confirmCheckDialog\":false,\"confirmRetryDialog\":false,\"autoCheck\":false},\"l10n\":{\"trueText\":\"True\",\"falseText\":\"False\",\"score\":\"You got @score of @total points\",\"checkAnswer\":\"Check\",\"showSolutionButton\":\"Show solution\",\"tryAgain\":\"Retry\",\"wrongAnswerMessage\":\"Wrong answer\",\"correctAnswerMessage\":\"Correct answer\",\"scoreBarLabel\":\"You got :num out of :total points\"},\"confirmCheck\":{\"header\":\"Finish ?\",\"body\":\"Are you sure you wish to finish ?\",\"cancelLabel\":\"Cancel\",\"confirmLabel\":\"Finish\"},\"confirmRetry\":{\"header\":\"Retry ?\",\"body\":\"Are you sure you wish to retry ?\",\"cancelLabel\":\"Cancel\",\"confirmLabel\":\"Confirm\"},\"question\":\"<p>This is the question that you need to answer<\\\/p>\\n\"}","slug":"the-title-of-the-true-false","embed_type":"div","disable":9,"content_type":null,"authors":null,"source":null,"year_from":null,"year_to":null,"license":"U","license_version":null,"license_extras":null,"author_comments":null,"changes":null,"default_language":null,"library_title":"H5P.TrueFalse","library_major_version":1,"library_minor_version":6}